,dt_max_depth,dt_min_samples_leaf,y
0,1,18,0.4411811799459926
1,5,15,0.20324380315839696
2,2,8,0.35242478102718844
3,13,19,0.22165661114030388
4,15,6,0.1795943640063955
5,2,2,0.35242478102718844
6,3,10,0.27144814599656053
7,8,19,0.22165661114030388
8,1,8,0.4411811799459926
9,10,6,0.17966585550790737
10,2,16,0.35242478102718844
11,19,4,0.18533452403674988
12,1,18,0.4411811799459926
13,18,6,0.1795943640063955
14,4,7,0.19796636275364787
15,1,3,0.4411811799459926
16,1,2,0.4411811799459926
